{
  "device": "NVIDIA GeForce RTX 3060",
  "timestamp": "2025-10-24T22:47:19.844515",
  "n_bootstrap": 1000,
  "experiments": {
    "e1": {
      "epsilon": [
        0.0,
        0.16666666666666666,
        0.3333333333333333,
        0.5,
        0.6666666666666666,
        0.8333333333333333,
        1.0
      ],
      "sizes": [
        128,
        256,
        512,
        1024,
        2048,
        4096,
        8192
      ],
      "gflops_baseline": [
        71.22259636297476,
        589.1953651040039,
        2020.234461170008,
        4311.690100332423,
        6359.232286715648,
        7181.209791712669,
        9367.808626737316
      ],
      "gflops_overhead": [
        77.52163670658601,
        644.1892935542734,
        3969.439689627648,
        6688.778982059796,
        7658.380333596666,
        7684.05899368757,
        9654.359713208993
      ],
      "gflops_std": [
        12.89418646812354,
        172.1409098359776,
        82.87006076432932,
        625.9652674953379,
        79.7185456176465,
        16.081948639808047,
        28.25527875902578
      ],
      "performance_ratio": [
        1.0884415995102057,
        1.0933373405620086,
        1.9648410943988988,
        1.5513125541058956,
        1.2042932209906723,
        1.0700229093091256,
        1.0305889133616384
      ],
      "sigma_c": 0.16666666666666666,
      "sigma_c_ci": [
        0.16666666666666666,
        0.16666666666666666
      ],
      "kappa": 2.793598837661581,
      "interior": true,
      "interior_range": [
        0.16666666666666666,
        0.8333333333333333
      ],
      "status": "PASSED"
    },
    "e2": {
      "memory_levels": [
        0.0,
        0.2,
        0.4,
        0.6
      ],
      "sigma_c_values": [
        0.3529411764705882,
        0.07058823529411765,
        0.4235294117647059,
        0.0
      ],
      "slope": -0.3529411764705882,
      "intercept": 0.3176470588235294,
      "r_squared": 0.19230769230769226,
      "p_value": 0.5614709903464854,
      "std_err": 0.5114603557478625,
      "effect_size": -1.9611613502920964,
      "monotonic": false,
      "decreasing_trend": true,
      "status": "PASSED"
    },
    "e3": {
      "depths": [
        1,
        2,
        4,
        8
      ],
      "sigma_c_values": [
        0.12727272727272726,
        0.06363636363636363,
        0.06363636363636363,
        0.06363636363636363
      ],
      "theory_prediction": [
        1.0,
        1.5,
        1.6875,
        1.06787109375
      ],
      "correlation": 0.6277418048439863,
      "p_value": 0.37225819515601355,
      "is_decreasing": true,
      "status": "PASSED"
    },
    "e4": {
      "kappa_aligned": 14.142069486038174,
      "kappa_misaligned": 1.5595468315135936,
      "kappa_reduction": 0.8897228702593165,
      "status": "PASSED"
    },
    "r1": {
      "kernel_sigmas": [
        0.4,
        0.5,
        0.6,
        0.7,
        0.8,
        0.9,
        1.0
      ],
      "sigma_c_values": [
        0.2181818181818182,
        0.2181818181818182,
        0.2181818181818182,
        0.2181818181818182,
        0.2181818181818182,
        0.2181818181818182,
        0.2181818181818182
      ],
      "kappa_values": [
        6.878026461100271,
        5.297806600663543,
        4.144338624961741,
        3.9204332508211257,
        3.9332269788393077,
        3.994475227579768,
        3.7372739274585998
      ],
      "relative_shift": 1.2721305490496582e-16,
      "max_shift": 0.0
    },
    "r5": {
      "kappa_linear": 9.63415380173694,
      "kappa_nonlinear": 10.721268118992922,
      "enhancement": 1.1128396265648144
    }
  }
}