{
  "timestamp": "2025-11-06T22:07:29.536811",
  "sigma_c": 3.039195382313197,
  "kappa": 16.135980552833566,
  "ci_lower": 2.592943797404667,
  "ci_upper": 4.1753189365604015,
  "n_datapoints": 3985,
  "markets": {
    "S&P500": 10,
    "Dow": 10,
    "NASDAQ": 10
  }
}