{
  "metadata": {
    "timestamp": "2025-10-24T16:45:46.186107",
    "device": "simulator",
    "purpose": "reviewer_requests"
  },
  "experiments": {
    "r1": {
      "kernel_sigmas": [
        0.2,
        0.4,
        0.6,
        0.8,
        1.0,
        1.2,
        1.5
      ],
      "sigma_c_values": [
        0.16444444444444445,
        0.16444444444444445,
        0.09333333333333332,
        0.09333333333333332,
        0.09333333333333332,
        0.09333333333333332,
        0.09333333333333332
      ],
      "kappa_values": [
        5.275633049105976,
        5.8312686855708185,
        13.079002542368238,
        43.03113178668671,
        9.028017681207137,
        5.6161546509258775,
        98.6098703547055
      ],
      "relative_shift": 0.2826616902943804,
      "max_shift": 0.07111111111111112
    },
    "r2": {
      "grids": {
        "original": [
          0.04,
          0.057777777777777775,
          0.07555555555555556,
          0.09333333333333332,
          0.1111111111111111,
          0.1288888888888889,
          0.14666666666666667,
          0.16444444444444445,
          0.18222222222222223,
          0.2
        ],
        "shifted_low": [
          0.02,
          0.03777777777777778,
          0.05555555555555555,
          0.07333333333333333,
          0.09111111111111111,
          0.1088888888888889,
          0.12666666666666665,
          0.14444444444444443,
          0.1622222222222222,
          0.18
        ],
        "shifted_high": [
          0.06,
          0.07777777777777778,
          0.09555555555555556,
          0.11333333333333333,
          0.13111111111111112,
          0.1488888888888889,
          0.16666666666666666,
          0.18444444444444444,
          0.20222222222222222,
          0.22
        ],
        "dense": [
          0.04,
          0.05142857142857143,
          0.06285714285714286,
          0.07428571428571429,
          0.08571428571428572,
          0.09714285714285714,
          0.10857142857142857,
          0.12,
          0.13142857142857142,
          0.14285714285714285,
          0.15428571428571428,
          0.16571428571428573,
          0.17714285714285716,
          0.18857142857142858,
          0.2
        ],
        "sparse": [
          0.04,
          0.07200000000000001,
          0.10400000000000001,
          0.136,
          0.168,
          0.2
        ]
      },
      "sigma_c_values": {
        "original": 0.1288888888888889,
        "shifted_low": 0.1622222222222222,
        "shifted_high": 0.1488888888888889,
        "dense": 0.09714285714285714,
        "sparse": 0.10400000000000001
      },
      "relative_deviations": {
        "original": 0.00514953456129936,
        "shifted_low": 0.2651020003961181,
        "shifted_high": 0.1611210140621908,
        "dense": 0.24242424242424235,
        "sparse": 0.18894830659536527
      },
      "max_deviation": 0.2651020003961181
    },
    "r3": {
      "conditions": {
        "both": {
          "sigma_c": 0.2,
          "kappa": 6.470458451164253,
          "observable": [
            0.24722222222222223,
            0.25222222222222224,
            0.2638888888888889,
            0.25666666666666665,
            0.26,
            0.25,
            0.2311111111111111,
            0.26722222222222225
          ]
        },
        "noise_only": {
          "sigma_c": 0.08571428571428572,
          "kappa": 9.029025692523469,
          "observable": [
            0.24388888888888888,
            0.255,
            0.2538888888888889,
            0.27944444444444444,
            0.25333333333333335,
            0.2544444444444444,
            0.25277777777777777,
            0.2461111111111111
          ]
        },
        "idle_only": {
          "sigma_c": 0.13142857142857142,
          "kappa": 10.329368486246285,
          "observable": [
            0.25722222222222224,
            0.26555555555555554,
            0.24833333333333332,
            0.26055555555555554,
            0.255,
            0.22666666666666666,
            0.2427777777777778,
            0.25277777777777777
          ]
        }
      },
      "epsilon": [
        0.04,
        0.06285714285714286,
        0.08571428571428572,
        0.10857142857142857,
        0.13142857142857142,
        0.15428571428571428,
        0.17714285714285716,
        0.2
      ],
      "idle_frac_tested": 0.2
    },
    "r4": {
      "confusion_levels": [
        {
          "p0to1": 0.0,
          "p1to0": 0.0
        },
        {
          "p0to1": 0.05,
          "p1to0": 0.02
        },
        {
          "p0to1": 0.1,
          "p1to0": 0.05
        },
        {
          "p0to1": 0.15,
          "p1to0": 0.08
        },
        {
          "p0to1": 0.22,
          "p1to0": 0.12
        },
        {
          "p0to1": 0.3,
          "p1to0": 0.15
        }
      ],
      "kappa_values": [
        8.8361743152255,
        5.689152292402133,
        6.943290054708542,
        14.445764301905715,
        14.35975315026249,
        28.31195095923561
      ],
      "reductions": [
        0.0,
        0.35615209824468647,
        0.21421988668278688,
        -0.63484374419984,
        -0.6251097633417417,
        -2.204096020429525
      ],
      "kappa_clean": 8.8361743152255
    },
    "r5": {
      "epsilon": [
        0.04,
        0.057777777777777775,
        0.07555555555555556,
        0.09333333333333332,
        0.1111111111111111,
        0.1288888888888889,
        0.14666666666666667,
        0.16444444444444445,
        0.18222222222222223,
        0.2
      ],
      "probability": {
        "observable": [
          0.25225,
          0.25725,
          0.27,
          0.24825,
          0.26175,
          0.2585,
          0.2775,
          0.2485,
          0.24225,
          0.2695
        ],
        "sigma_c": 0.16444444444444445,
        "kappa": 4.238773360053012
      },
      "purity": {
        "observable": [
          0.250090375,
          0.25007562499999997,
          0.250804875,
          0.250088125,
          0.25055362499999995,
          0.250324375,
          0.251617125,
          0.250424625,
          0.250497875,
          0.251577375
        ],
        "sigma_c": 0.18222222222222223,
        "kappa": 13.064225542494375
      },
      "kappa_ratio": 3.082076920085906
    },
    "r6": {
      "eps1_grid": [
        0.02,
        0.05500000000000001,
        0.09000000000000001,
        0.125,
        0.16
      ],
      "eps2_grid": [
        0.0,
        0.075,
        0.15,
        0.22499999999999998,
        0.3
      ],
      "observable_2d": [
        [
          0.25,
          0.2625,
          0.25875,
          0.26875,
          0.25625
        ],
        [
          0.25875,
          0.23875,
          0.25125,
          0.25,
          0.2075
        ],
        [
          0.2625,
          0.23125,
          0.26625,
          0.23875,
          0.235
        ],
        [
          0.24875,
          0.26125,
          0.22625,
          0.22875,
          0.21875
        ],
        [
          0.24125,
          0.275,
          0.27625,
          0.29125,
          0.24
        ]
      ],
      "sigma_c_2d": [
        0.16,
        0.22499999999999998
      ],
      "max_gradient": 0.06507507683437647
    }
  }
}