{
  "metadata": {
    "timestamp": "2025-10-24T10:24:47.103941",
    "device": "simulator",
    "budget": 0.0
  },
  "experiments": {
    "e1": {
      "epsilon": [
        0.020000000000000004,
        0.04,
        0.04000000000000001,
        0.060000000000000005,
        0.08,
        0.08,
        0.1,
        0.12,
        0.12000000000000001,
        0.14,
        0.16,
        0.2
      ],
      "observable": [
        0.2375,
        0.26,
        0.22625,
        0.26125,
        0.28,
        0.28,
        0.29875,
        0.2875,
        0.25625,
        0.29625,
        0.2825,
        0.3025
      ],
      "sigma_c": 0.08,
      "kappa": 0.0,
      "is_interior": true,
      "status": "PASSED"
    },
    "e2": {
      "idle_fractions": [
        0.0,
        0.15,
        0.3
      ],
      "sigma_c_values": [
        0.13999999999999999,
        0.06,
        0.06
      ],
      "is_monotonic": true,
      "slope": -0.26666666666666655,
      "r_squared": 0.7499999999999996,
      "status": "PASSED"
    },
    "e3": {
      "depths": [
        1,
        2,
        3
      ],
      "sigma_c_values": [
        0.1,
        0.08,
        0.08
      ],
      "correlation": -0.8911902474842741,
      "status": "PASSED"
    },
    "e4": {
      "kappa_aligned": 1.5615287982635642,
      "kappa_misaligned": 1.3247276664286536,
      "kappa_reduction": 0.15164698345508315,
      "status": "PASSED"
    }
  }
}