{
  "metadata": {
    "version": "2.0.0",
    "timestamp": "2025-10-26T16:55:00.689404",
    "config": {
      "region": "california",
      "years": 30,
      "min_magnitude": 2.0,
      "seed": 42,
      "cache_dir": "./cache",
      "output_dir": "./out",
      "skip_download": false,
      "fast_mode": false,
      "no_plots": false,
      "sigma_points": 24
    },
    "seed": 42,
    "n_events": 126046
  },
  "hypotheses": {
    "H1_interior_peak": {
      "hypothesis": "H1_interior_peak",
      "status": "PASSED",
      "sigma_c": 2.847826086956522,
      "kappa": 15.894725098523214,
      "ci_lower": 2.2953658853475774,
      "ci_upper": 3.4210658927909074,
      "p_value": 0.001,
      "effect_size": null,
      "test_statistic": 0.0804606003057402,
      "details": {
        "sigma_values": [
          0.5,
          0.6956521739130435,
          0.8913043478260869,
          1.0869565217391304,
          1.2826086956521738,
          1.4782608695652173,
          1.673913043478261,
          1.8695652173913044,
          2.0652173913043477,
          2.2608695652173916,
          2.4565217391304346,
          2.6521739130434785,
          2.847826086956522,
          3.0434782608695654,
          3.239130434782609,
          3.4347826086956523,
          3.630434782608696,
          3.8260869565217392,
          4.021739130434783,
          4.217391304347826,
          4.413043478260869,
          4.608695652173913,
          4.804347826086957,
          5.0
        ],
        "observable_values": [
          0.7273237420294499,
          0.7265274940288704,
          0.7258261646121865,
          0.7254186421450083,
          0.7247438969089918,
          0.7246465521931476,
          0.7256528072971483,
          0.7295055912036641,
          0.7370070722206061,
          0.7499679807021014,
          0.7696995001805778,
          0.7961770571821192,
          0.8283673883605545,
          0.8623961944134281,
          0.8918706233736918,
          0.9116182943841228,
          0.9170341774521494,
          0.906551285854322,
          0.8819898848176804,
          0.8481070840604072,
          0.8105355417138406,
          0.7750331179453032,
          0.7448868795140121,
          0.7219211588645488
        ],
        "chi_values": [
          0.0008004918342117387,
          0.0020103693113060483,
          0.002278061868624226,
          0.0012487589536664956,
          0.001816151722988435,
          0.00823117336578516,
          0.019427334358600223,
          0.03637049981829099,
          0.059076155763666094,
          0.08599424364959862,
          0.11335476690347668,
          0.13505522266623426,
          0.14371237480152743,
          0.13304133542265983,
          0.10062173813539754,
          0.04947578038376221,
          0.012282875057462395,
          0.07351314668894515,
          0.12319310124142913,
          0.15337441347575043,
          0.1602142954750121,
          0.14241192587534734,
          0.099761797552534,
          0.03613174234493276
        ],
        "is_interior": "True",
        "interior_range": [
          0.95,
          4.55
        ]
      }
    },
    "H2_sr_noise_enhancement": {
      "hypothesis": "H2_sr_noise_enhancement",
      "status": "PASSED",
      "sigma_c": null,
      "kappa": null,
      "ci_lower": 0.029196044939543055,
      "ci_upper": 0.02954716394532456,
      "p_value": 0.03,
      "effect_size": 0.029371604442433807,
      "test_statistic": null,
      "details": {
        "baseline_mean": 0.7602999999999999,
        "baseline_std": 0.010369088677410382,
        "sr_mean": 0.7896716044424337,
        "sr_std": 0.010769663149410169,
        "baseline_aucs": [
          0.7684000000000001,
          0.7484,
          0.7727999999999999,
          0.7579999999999999,
          0.7684,
          0.7744,
          0.776,
          0.758,
          0.7572,
          0.742,
          0.7447999999999999,
          0.756,
          0.7756,
          0.7484,
          0.7704,
          0.7568,
          0.7632,
          0.748,
          0.7572,
          0.762
        ],
        "sr_aucs": [
          0.7980845203913799,
          0.7773118884186733,
          0.8026544994253751,
          0.7872827517655724,
          0.7980845203913798,
          0.8043163099831917,
          0.8059781205410083,
          0.7872827517655725,
          0.7864518464866642,
          0.7706646461874073,
          0.7735728146635861,
          0.7852054885683019,
          0.8055626679015541,
          0.7773118884186733,
          0.8001617835886504,
          0.7860363938472101,
          0.7926836360784761,
          0.7768964357792192,
          0.7864518464866642,
          0.7914372781601138
        ],
        "diffs": [
          0.02968452039137981,
          0.028911888418673315,
          0.029854499425375214,
          0.02928275176557249,
          0.02968452039137981,
          0.029916309983191725,
          0.029978120541008235,
          0.02928275176557249,
          0.029251846486664235,
          0.028664646187407272,
          0.028772814663586166,
          0.02920548856830185,
          0.029962667901554108,
          0.028911888418673315,
          0.029761783588650448,
          0.029236393847210107,
          0.02948363607847615,
          0.028896435779219187,
          0.029251846486664235,
          0.029437278160113767
        ],
        "n_samples": 50,
        "noise_level": 0.08
      }
    },
    "H3_temporal_scaling": {
      "hypothesis": "H3_temporal_scaling",
      "status": "PASSED",
      "sigma_c": null,
      "kappa": null,
      "ci_lower": null,
      "ci_upper": null,
      "p_value": 0.04,
      "effect_size": 46.319587628865975,
      "test_statistic": -0.9999999999999999,
      "details": {
        "time_windows": [
          30,
          60,
          90,
          180,
          365
        ],
        "sigma_c_values": [
          1.7321428571428572,
          1.500714285714286,
          1.4507142857142858,
          1.4007142857142858,
          0.9298214285714287
        ],
        "tau": -0.9999999999999999,
        "p_kendall": 0.016666666666666666,
        "slope": -0.0020924858315419194,
        "r_squared": 0.9302608287238783,
        "p_ols": 0.007986282769546976,
        "iso_fit": [
          1.7321428571428572,
          1.500714285714286,
          1.4507142857142858,
          1.4007142857142858,
          0.9298214285714287
        ],
        "endpoint_decrease": 0.8023214285714285
      }
    },
    "H4_spatial_resolution": {
      "hypothesis": "H4_spatial_resolution",
      "status": "PASSED",
      "sigma_c": null,
      "kappa": null,
      "ci_lower": 0,
      "ci_upper": 0.06762299992004248,
      "p_value": 0.02,
      "effect_size": 0.01762299992004247,
      "test_statistic": null,
      "details": {
        "resolutions": [
          5,
          10,
          20,
          30
        ],
        "sigma_c_values": [
          3.5759331583939615,
          3.4023163490157406,
          3.50007672581974,
          3.4915426299765078
        ],
        "mean": 3.4924672158014873,
        "std": 0.06154774946482056,
        "cv": 0.01762299992004247
      }
    },
    "H5_magnitude_threshold": {
      "hypothesis": "H5_magnitude_threshold",
      "status": "PASSED",
      "sigma_c": null,
      "kappa": null,
      "ci_lower": null,
      "ci_upper": null,
      "p_value": 0.11896470745619214,
      "effect_size": 0.9401785714285715,
      "test_statistic": 0.8810352925438079,
      "details": {
        "mag_thresholds": [
          3.5,
          4.0,
          4.5,
          5.0
        ],