{
  "rg_analysis": {
    "scaling": {
      "exponent": -0.13899427478973625,
      "r_squared": 0.057596700641854036,
      "p_value": 0.5339523343227647
    },
    "beta_function": {
      "alpha": -0.022295660038726434,
      "nu": -0.02154009633526639,
      "critical_exponent": -0.02154009633526639
    },
    "universality": {
      "ks_statistic": 0.5727820710609589,
      "p_value": 0.0025288826973112557,
      "is_universal": "False"
    }
  },
  "ml_optimization": {
    "best_params": {
      "gradient_weight": 1.0,
      "power_exp": 1.0996080395325398,
      "smooth_scale": 0.6802724317832634,
      "kernel_width": 1.3685110130251485
    },
    "best_kappa": 20.1969741122918,
    "convergence": [
      11.483051036942474,
      10.868340715379736,
      4.9963026669119674,
      7.080790572809372,
      7.5235017738317165,
      11.55861736571264,
      11.728756567825037,
      10.397875593875131,
      16.905795703733713,
      9.102418695240047,
      9.755845113879765,
      8.466207135049778,
      7.932501543066326,
      13.854576864658556,
      10.982683592236654,
      15.93927342789416,
      16.175297464099465,
      16.491158617455046,
      6.562128656155625,
      8.00293175762908,
      13.16929252150687,
      7.283765691728889,
      18.314577409044507,
      7.78960426110348,
      14.78672564792678,
      6.863624130620509,
      20.1969741122918,
      15.008428776316899,
      14.353702814810939,
      4.865720802645382
    ],
    "all_params": [
      [
        0.6740056245115873,
        0.5073069616715721,
        1.413997627843341,
        2.9389243767628352
      ],
      [
        0.34169584558491195,
        0.7785458866463406,
        0.5041266916319295,
        1.7339487669597178
      ],
      [
        0.3914985844911303,
        1.97388133883647,
        1.8305566206461343,
        2.723957047772063
      ],
      [
        0.107744204341922,
        1.1161375834037568,
        1.8538991064541452,
        0.6486742803165553
      ],
      [
        0.18673792428223068,
        1.422828176506761,
        0.16067120476847072,
        2.869126535954868
      ],
      [
        0.5668998119985563,
        0.5501143394533841,
        0.8683416280656973,
        2.1761584706283545
      ],
      [
        0.7775866258847295,
        1.52853754518688,
        1.6591684874128891,
        1.832856571116655
      ],
      [
        0.5088092915723098,
        1.0313092001782591,
        1.7851991218045802,
        0.9636631135436203
      ],
      [
        0.990654713904574,
        1.9355746382636878,
        0.6467151527300713,
        1.3417389881557382
      ],
      [
        0.3319090857820043,
        1.6091253126249176,
        0.3924587242086497,
        1.17235429335117
      ],
      "[0.52748086 1.39031714 0.39089391 2.37442996]",
      "[0.27854401 1.51180431 0.77719872 1.92416336]",
      "[0.16900658 1.86974968 1.09215526 1.68579772]",
      "[0.85988128 1.65035945 1.34236974 0.57370319]",
      "[0.4425746  1.03905193 0.94947823 2.29190075]",
      "[1.         2.         0.86575012 1.15522763]",
      "[1.         2.         0.41457605 1.34386064]",
      "[1.        0.5       2.        1.7970976]",
      "[0.29221411 1.90860832 0.21543997 2.6787176 ]",
      "[0.39613243 1.80972059 1.53786084 2.25078782]",
      "[1.  2.  2.  0.5]",
      "[0.255677   1.4637295  1.49621783 2.74071726]",
      "[1.         1.64188219 0.69459401 1.41505187]",
      "[0.41263376 1.98579569 0.79221813 0.90175312]",
      "[0.62844453 0.84410461 0.57933739 1.64224031]",
      "[0.06190843 1.63036608 1.09995138 2.81670633]",
      "[1.         1.09960804 0.68027243 1.36851101]",
      "[0.71880198 1.22078219 0.25825442 1.39728252]",
      "[0.64002899 0.97015045 0.38790932 1.66926918]",
      "[0.11689085 1.90614722 1.30087425 2.88102656]"
    ]
  },
  "harmonic_analysis": {
    "ratios": [
      2.666666666666667,
      2.0875,
      1.4736842105263157,
      3.3333333333333335,
      2.1,
      13.88888888888889
    ],
    "matches": [
      [
        2.666666666666667,
        "\u03c6\u00b2",
        2.618033988749895,
        1.8237254218789518
      ],
      [
        2.0875,
        "2",
        2.0,
        4.191616766467062
      ],
      [
        1.4736842105263157,
        "\u221a2",
        1.4142135623730951,
        4.035508267539967
      ],
      [
        3.3333333333333335,
        "2\u03c6",
        3.23606797749979,
        2.9179606750063103
      ],
      [
        2.1,
        "2",
        2.0,
        4.761904761904765
      ],
      [
        13.88888888888889,
        "4",
        4.0,
        71.2
      ]
    ],
    "generator": 1.4142135623730951,
    "generator_error": 0.09392427034546132
  }
}