{
  "metadata": {
    "device": "NVIDIA GeForce RTX 3060",
    "timestamp": "2025-11-07T22:13:41.274934",
    "framework_version": "2.0-PREDICTION"
  },
  "predictions": {},
  "measurements": {
    "GEMM": {
      "kernel": "GEMM",
      "sigma_c": 0.041666666666666664,
      "kappa": 31.63928266222025,
      "ci_95": [
        0.020833333333333332,
        0.041666666666666664
      ],
      "stats": {
        "chi_max": 25347.619259025116,
        "chi_baseline": 801.1439301464358,
        "chi_mean": 4935.124669948833,
        "chi_std": 6654.440872015065,
        "peak_snr": 3.8091283319720106
      },
      "epsilon": [
        0.0,
        0.020833333333333332,
        0.041666666666666664,
        0.0625,
        0.08333333333333333,
        0.10416666666666666,
        0.125,
        0.14583333333333331,
        0.16666666666666666,
        0.1875,
        0.20833333333333331,
        0.22916666666666666,
        0.25,
        0.2708333333333333,
        0.29166666666666663,
        0.3125,
        0.3333333333333333,
        0.35416666666666663,
        0.375,
        0.3958333333333333,
        0.41666666666666663,
        0.4375,
        0.4583333333333333,
        0.47916666666666663,
        0.5
      ],
      "observable": [
        5892.192740543249,
        5552.722288515442,
        7017.606659558583,
        6848.082073301838,
        6244.144549442164,
        6403.722023869895,
        6587.017069482279,
        6553.314206822832,
        6479.513304465478,
        6409.900153006618,
        6358.018583303458,
        6364.866492759521,
        6380.8002526717155,
        6322.824808499235,
        6198.407659443683,
        6169.344412815725,
        6139.0936803245795,
        6135.143556685854,
        6136.355681798122,
        6109.281130884042,
        6017.444125659315,
        5971.494640335056,
        5938.457238823911,
        5874.157806663772,
        5855.400748283787
      ],
      "chi": [
        5329.661037086014,
        23684.598848455556,
        25347.619259025116,
        12417.735482402379,
        9479.422284813947,
        5713.986333637062,
        3421.558188976167,
        2012.2376159451087,
        3291.714544894581,
        2775.526820576808,
        1103.5001925818215,
        205.67931162921013,
        1202.6842822613835,
        3942.9069696163933,
        3515.355724894238,
        1600.37527800948,
        805.3006911199191,
        206.26655311047216,
        800.1047399030649,
        2663.387204407569,
        3107.466477560578,
        2093.066990431136,
        2252.478069785284,
        1864.8955447858898,
        1036.9077744138613
      ]
    },
    "FFT": {
      "kernel": "FFT",
      "sigma_c": 0.041666666666666664,
      "kappa": 6.49162972326553,
      "ci_95": [
        0.020833333333333332,
        0.041666666666666664
      ],
      "stats": {
        "chi_max": 1493.3803499238993,
        "chi_baseline": 230.04706269239796,
        "chi_mean": 425.9293092986663,
        "chi_std": 311.00753604210604,
        "peak_snr": 4.801749722623174
      },
      "epsilon": [
        0.0,
        0.020833333333333332,
        0.041666666666666664,
        0.0625,
        0.08333333333333333,
        0.10416666666666666,
        0.125,
        0.14583333333333331,
        0.16666666666666666,
        0.1875,
        0.20833333333333331,
        0.22916666666666666,
        0.25,
        0.2708333333333333,
        0.29166666666666663,
        0.3125,
        0.3333333333333333,
        0.35416666666666663,
        0.375,
        0.3958333333333333,
        0.41666666666666663,
        0.4375,
        0.4583333333333333,
        0.47916666666666663,
        0.5
      ],
      "observable": [
        343.64407291525265,
        318.2580111696931,
        404.30290124110354,
        392.4982857087084,
        379.7295409077529,
        370.99935569508426,
        360.32301801379435,
        351.78785259278976,
        343.4781349176732,
        328.80648362523533,
        325.9807284275774,
        314.6508703556234,
        312.66870553073886,
        300.9023168878467,
        298.61954485330307,
        287.49551331529415,
        285.6232479107113,
        280.29373742958506,
        273.1674079886317,
        269.6271756699677,
        260.5645092073223,
        259.4669014804864,
        251.09812316667822,
        249.59664323047076,
        243.4287104085294
      ],
      "chi": [
        518.6306098902005,
        1269.9178016949845,
        1493.3803499238993,
        328.88265581413907,
        517.862432067479,
        470.6205278507605,
        455.5663893864403,
        426.02144127364954,
        521.7849534098341,
        425.37997215531686,
        346.1704869884743,
        322.79019938461806,
        329.6184372970383,
        334.75941790347133,
        322.31849088746185,
        298.15919176245734,
        201.13098778216954,
        280.95005086017864,
        265.49060506618116,
        291.2613244131735,
        248.31565440834584,
        230.00632646177746,
        230.21000761487994,
        185.7764094625927,
        240.5726314352992
      ]
    },
    "Reduction": {
      "kernel": "Reduction",
      "sigma_c": 0.020833333333333332,
      "kappa": 104.55378942268334,
      "ci_95": [
        0.020833333333333332,
        0.020833333333333332
      ],
      "stats": {
        "chi_max": 1252.3762580854884,
        "chi_baseline": 11.9782961956784,
        "chi_mean": 88.52609433718224,
        "chi_std": 252.8631195817987,
        "peak_snr": 4.952783387932367
      },
      "epsilon": [
        0.0,
        0.020833333333333332,
        0.041666666666666664,
        0.0625,
        0.08333333333333333,
        0.10416666666666666,
        0.125,
        0.14583333333333331,
        0.16666666666666666,
        0.1875,
        0.20833333333333331,
        0.22916666666666666,
        0.25,
        0.2708333333333333,
        0.29166666666666663,
        0.3125,
        0.3333333333333333,
        0.35416666666666663,
        0.375,
        0.3958333333333333,
        0.41666666666666663,
        0.4375,
        0.4583333333333333,
        0.47916666666666663,
        0.5
      ],
      "observable": [
        105.04540343939382,
        46.919084276550755,
        46.65739998586107,
        46.133925685503854,
        45.842406415340534,
        45.37424531214952,
        44.87050266671168,
        43.64223271144981,
        43.34900584148905,
        43.404497939294274,
        43.19731487030391,
        42.80943513371802,
        41.77159014890704,
        41.80216833837245,
        41.37389443121324,
        41.15385022514119,
        40.86616118263136,
        40.50981321504919,
        40.19902583661411,
        39.76474164822393,
        39.495190538781515,
        39.214058196554625,
        38.53556484461583,
        28.295463522485694,
        37.694877339476264
      ],
      "chi": [
        2195.18967227561,
        1252.3762580854884,
        166.4478110015241,
        19.70789739644215,
        18.922155248578974,
        24.727924701418715,
        39.07291218082037,
        33.76181923434615,
        8.777313091969518,
        5.009886989284269,
        15.271310725701369,
        31.01154038311313,
        23.681260141436155,
        11.74954255156183,
        14.56241718654644,
        12.893310772144673,
        15.168335862532558,
        16.15057210523082,
        17.575382677444736,
        16.60751060556447,
        14.719339759620539,
        47.42722883860574,
        210.6613631362177,
        19.817077079598448,
        302.4277368147976
      ]
    },
    "Scan": {
      "kernel": "Scan",
      "sigma_c": 0.3125,