{
  "metadata": {
    "version": "2.2-CORRECTED-OPTIMIZED",
    "timestamp": "2025-11-08T09:26:26.502478",
    "config": {
      "seed": 42,
      "cache_dir": "era5_cache",
      "output_dir": "era5_validation_output",
      "n_bootstrap": 500,
      "n_workers": 4,
      "sigma_points": 40
    },
    "seed": 42,
    "n_datapoints": 26195663
  },
  "hypotheses": {
    "H1_interior_peak": {
      "hypothesis": "H1_interior_peak",
      "status": "PASSED",
      "sigma_c": 53.880235391868524,
      "sigma_c_km": 53.880235391868524,
      "kappa": 83.49830442372264,
      "ci_lower": 46.767466427402354,
      "ci_upper": 62.07477093910238,
      "p_value": 0.0,
      "is_interior": true,
      "sigma_values": [
        20.000000000000004,
        23.04175937155262,
        26.546133746826648,
        30.583481301971602,
        35.23486084522042,
        40.59365925428552,
        46.767466427402354,
        53.880235391868524,
        62.07477093910238,
        71.51559675115222,
        82.39225858265198,
        94.92312981701038,
        109.35979580191028,
        125.99210498948727,
        145.15398829415807,
        167.23016350475768,
        192.66385935710144,
        221.9657143450495,
        255.72402893367064,
        294.61657701067975,
        339.4242137175293,
        391.0465528678882,
        450.5200287128502,
        519.0387046833238,
        597.9782468917756,
        688.9235437151584,
        793.7005259840992,
        914.4128266400184,
        1053.4840158850286,
        1213.7062597899867,
        1398.2963792914006,
        1610.9604350872871,
        1855.968135118648,
        2138.2385585336583,
        2463.4389172354026,
        2838.0983378728147,
        3269.73894870344,
        3767.0269031909065,
        4339.946372474493,
        4999.999999999999
      ],
      "observable": [
        2.132228118861142,
        2.132228118861142,
        2.132228118861142,
        2.132228118861142,
        2.132228118861142,
        2.107742389836364,
        1.9563319253928582,
        1.6893734825117355,
        1.3762226917314775,
        1.1075832794192189,
        0.9010071912100527,
        0.7381385626527798,
        0.6028738030807055,
        0.48519216719779645,
        0.38390353354775836,
        0.2980293453212053,
        0.22723965698865717,
        0.17170862145671206,
        0.12953960605970422,
        0.09729202158547454,
        0.0716372002200674,
        0.05112220838575077,
        0.03625198262509659,
        0.02649648090512713,
        0.02052230205227662,
        0.017250038209756756,
        0.015640676041842976,
        0.014478916418779093,
        0.012816459248640603,
        0.010431170418113716,
        0.007662736879447275,
        0.005012420477685721,
        0.0028524595762170995,
        0.0013550380841869537,
        0.00050807097175885,
        0.0001383188214086323,
        2.4632584277905928e-05,
        2.488275619059196e-06,
        1.2564144029824614e-07,
        2.6780049451140017e-09
      ],
      "susceptibility": [
        0.00011945104236608742,
        0.0003734379037069746,
        0.0015651803225177896,
        0.004794256409973996,
        0.010984985075993825,
        0.019279220305850026,
        0.02660481493229941,
        0.029724757569917784,
        0.02781004193325217,
        0.022691812703222784,
        0.016955757815260052,
        0.012207485047392979,
        0.008792496047939068,
        0.006413057580794093,
        0.004696992750601578,
        0.003404486403780142,
        0.0024163236503958823,
        0.001674732268101718,
        0.0011398727550005125,
        0.00076885440580691,
        0.0005150285634067445,
        0.00033854659526549234,
        0.0002138973001078152,
        0.0001276575274420013,
        7.166987150906321e-05,
        3.8811564024403725e-05,
        2.2231640236761066e-05,
        1.566646066130806e-05,
        1.3867707948964403e-05,
        1.3169926840626609e-05,
        1.1790165818185025e-05,
        9.477803157936341e-06,
        6.755385055145915e-06,
        4.2474686423020155e-06,
        2.339010743882127e-06,
        1.1158622686281725e-06,
        4.548718756907723e-07,
        1.5599842701984178e-07,
        4.400288099351201e-08,
        1.58263107872819e-08
      ]
    },
    "H2_temporal_scaling": {
      "hypothesis": "H2_temporal_scaling",
      "status": "MARGINAL",
      "window_years": [
        2,
        4,
        6,
        8,
        10
      ],
      "sigma_c_values": [
        83.41399288659157,
        83.41399288659157,
        83.41399288659157,
        83.41399288659157,
        83.41399288659157
      ],
      "scaling_exponent": 0.0,
      "r_squared": 0.0,
      "p_value": 1.0,
      "kendall_tau": NaN,
      "kendall_p": NaN
    },
    "H3_spatial_resolution": {
      "hypothesis": "H3_spatial_resolution",
      "status": "PASSED",
      "sample_sizes": [
        10000,
        15000,
        20000,
        30000
      ],
      "sigma_c_values": [
        83.41399288659157,
        83.41399288659157,
        83.41399288659157,
        83.41399288659157
      ],
      "mean": 83.41399288659157,
      "std": 0.0,
      "cv": 0.0
    },
    "H4_cross_validation": {
      "hypothesis": "H4_cross_validation",
      "status": "PASSED",
      "n_folds": 3,
      "sigma_c_folds": [
        83.41399288659157,
        83.41399288659157,
        83.41399288659157
      ],
      "mean": 83.41399288659157,
      "std": 0.0,
      "cv": 0.0
    }
  },
  "figures": [
    "era5_validation_output\\main_analysis_FIXED.pdf",
    "era5_validation_output\\h1_detailed_FIXED.pdf",
    "era5_validation_output\\summary_report_FIXED.pdf"
  ],
  "performance": {}
}