{
  "metadata": {
    "version": "2.0-production",
    "timestamp": "2025-11-07T20:11:56.360673",
    "config": {
      "seed": 42,
      "cache_dir": "era5_cache",
      "output_dir": "era5_validation_output",
      "n_bootstrap": 500,
      "n_workers": 4,
      "sigma_points": 40
    },
    "seed": 42,
    "n_datapoints": 26195663
  },
  "hypotheses": {
    "H1_interior_peak": {
      "hypothesis": "H1_interior_peak",
      "status": "FAILED",
      "sigma_c": 162.85103278298914,
      "sigma_c_km": 162.85103278298914,
      "kappa": 2.158698490379771,
      "ci_lower": 101.54588104523673,
      "ci_upper": 330.73703206150725,
      "p_value": 1.0,
      "is_interior": true,
      "sigma_values": [
        49.99999999999999,
        56.26677913003825,
        63.31900867337016,
        71.25513351514988,
        80.1859371875665,
        90.2360883413585,
        101.54588104523673,
        114.27319320674953,
        128.5956904529672,
        144.71330623583756,
        162.85103278298914,
        183.26206185398127,
        206.23131914506757,
        232.07944168063884,
        261.1672537133421,
        293.90080361374555,
        330.73703206150725,
        372.19015066258436,
        418.8388200341457,
        471.33422755894264,
        530.4091775697241,
        596.8883208572178,
        671.69966629945,
        755.8875353078314,
        850.6271399262945,
        957.2409880849787,
        1077.217345015941,
        1212.2310085411639,
        1364.1666882433847,
        1535.1453148789246,
        1727.553647296109,
        1944.0775901540424,
        2187.739687537092,
        2461.9413158533703,
        2770.5101650047454,
        3117.7536706369556,
        3508.5191433519108,
        3948.261434249862,
        4443.119081371703,
        4999.999999999999
      ],
      "observable": [
        24.09995800107689,
        24.09995800107689,
        24.09995800107689,
        24.09995800107689,
        24.09995800107689,
        24.09995800107689,
        24.09995800107689,
        24.09995800107689,
        24.09995800107689,
        23.558246876814074,
        23.047745241884783,
        22.578384041796173,
        22.11580872130577,
        21.638637392949963,
        21.137854624086177,
        20.60727089453534,
        20.040124401825786,
        19.425279633885022,
        18.751882851872686,
        18.001199993420666,
        17.158678155057245,
        16.206576186504385,
        15.127593137164151,
        13.903689087032948,
        12.530715624827474,
        11.006898022080147,
        9.356463990654168,
        7.6267590097684455,
        5.893402795941462,
        4.254971092488799,
        2.8188525839443717,
        1.6745188963816204,
        0.8665549873597826,
        0.3765219474099131,
        0.1310578511322659,
        0.034406197549314496,
        0.006294859702149829,
        0.0007346334869927741,
        5.129175649669438e-05,
        1.7166440336836572e-06
      ],
      "susceptibility": [
        0.0,
        0.0,
        2.865491802728215e-06,
        3.496872395669648e-05,
        0.00025493541281385035,
        0.0012410210396316401,
        0.004138965875659872,
        0.009710251058359876,
        0.01658904712704412,
        0.02165494236043264,
        0.023101962497628747,
        0.021900538531854696,
        0.019951694098305994,
        0.018278919951929817,
        0.01703708769093154,
        0.016123057299418986,
        0.01545764699986199,
        0.015004267964505297,
        0.014735108896734489,
        0.0146135062746105,
        0.014592562554028687,
        0.014617014013397697,
        0.014620868596923645,
        0.014525475914687752,
        0.014243073878411013,
        0.01368627563645048,
        0.012785115341883039,
        0.011510161052138462,
        0.009893441521090432,
        0.008037653160417631,
        0.006105682491874525,
        0.004287020504991279,
        0.0027484986372790857,
        0.0015885611449563079,
        0.0008168211922219337,
        0.0003686022249214171,
        0.00014397289050691248,
        4.798362315479795e-05,
        1.3359837096739003e-05,
        4.846900123893562e-06
      ]
    },
    "H2_temporal_scaling": {
      "hypothesis": "H2_temporal_scaling",
      "status": "MARGINAL",
      "window_years": [
        2,
        4,
        6,
        8,
        10
      ],
      "sigma_c_values": [
        165.04313039506843,
        165.04313039506843,
        165.04313039506843,
        165.04313039506843,
        165.04313039506843
      ],
      "scaling_exponent": 0.0,
      "r_squared": 0.0,
      "p_value": 1.0,
      "kendall_tau": NaN,
      "kendall_p": NaN
    },
    "H3_spatial_resolution": {
      "hypothesis": "H3_spatial_resolution",
      "status": "PASSED",
      "sample_sizes": [
        10000,
        15000,
        20000,
        30000
      ],
      "sigma_c_values": [
        165.04313039506843,
        165.04313039506843,
        165.04313039506843,
        165.04313039506843
      ],
      "mean": 165.04313039506843,
      "std": 0.0,
      "cv": 0.0
    },
    "H4_cross_validation": {
      "hypothesis": "H4_cross_validation",
      "status": "PASSED",
      "n_folds": 3,
      "sigma_c_folds": [
        165.04313039506843,
        165.04313039506843,
        165.04313039506843
      ],
      "mean": 165.04313039506843,
      "std": 0.0,
      "cv": 0.0
    }
  },
  "figures": [
    "era5_validation_output\\main_analysis_CORRECTED.pdf",
    "era5_validation_output\\h1_detailed_CORRECTED.pdf",
    "era5_validation_output\\summary_report_CORRECTED.pdf"
  ],
  "performance": {}
}