{
  "metadata": {
    "version": "2.1-CORRECTED",
    "timestamp": "2025-11-07T20:32:15.876110",
    "config": {
      "seed": 42,
      "cache_dir": "era5_cache",
      "output_dir": "era5_validation_output",
      "n_bootstrap": 500,
      "n_workers": 4,
      "sigma_points": 40
    },
    "seed": 42,
    "n_datapoints": 26195663
  },
  "hypotheses": {
    "H1_interior_peak": {
      "hypothesis": "H1_interior_peak",
      "status": "FAILED",
      "sigma_c": 101.54588104523673,
      "sigma_c_km": 101.54588104523673,
      "kappa": 70.74874817688256,
      "ci_lower": 101.54588104523673,
      "ci_upper": 101.54588104523673,
      "p_value": 0.0,
      "is_interior": false,
      "sigma_values": [
        49.99999999999999,
        56.26677913003825,
        63.31900867337016,
        71.25513351514988,
        80.1859371875665,
        90.2360883413585,
        101.54588104523673,
        114.27319320674953,
        128.5956904529672,
        144.71330623583756,
        162.85103278298914,
        183.26206185398127,
        206.23131914506757,
        232.07944168063884,
        261.1672537133421,
        293.90080361374555,
        330.73703206150725,
        372.19015066258436,
        418.8388200341457,
        471.33422755894264,
        530.4091775697241,
        596.8883208572178,
        671.69966629945,
        755.8875353078314,
        850.6271399262945,
        957.2409880849787,
        1077.217345015941,
        1212.2310085411639,
        1364.1666882433847,
        1535.1453148789246,
        1727.553647296109,
        1944.0775901540424,
        2187.739687537092,
        2461.9413158533703,
        2770.5101650047454,
        3117.7536706369556,
        3508.5191433519108,
        3948.261434249862,
        4443.119081371703,
        4999.999999999999
      ],
      "observable": [
        1.8422194554504028,
        1.593270967634624,
        1.3347486173621892,
        1.1137079646643828,
        0.9366531587890687,
        0.7923488681758121,
        0.6712050772387701,
        0.5645403078487802,
        0.46953369281972807,
        0.3859029379828496,
        0.31302660491808415,
        0.2505028934737996,
        0.19867773572591702,
        0.1571022928074495,
        0.12421694106503275,
        0.09778326241787345,
        0.07589502828877111,
        0.05777253807072591,
        0.04317548382753343,
        0.03265306501987224,
        0.025367664973372506,
        0.020579854230101027,
        0.01767940543471655,
        0.01608395040925822,
        0.01509043203486944,
        0.014022325771447844,
        0.012485633793859766,
        0.010453923827336158,
        0.0081510110672863,
        0.005873730796002957,
        0.0038695901369737544,
        0.002285589124550029,
        0.0011770928699353313,
        0.0005105265443158816,
        0.00017725219912586917,
        4.6606194904884354e-05,
        8.489117418262018e-06,
        9.881412801282346e-07,
        7.157530367817511e-08,
        2.6780049451140017e-09
      ],
      "susceptibility": [
        0.018293380678651047,
        0.02191386821489047,
        0.02547858340689689,
        0.022656713683724836,
        0.017820931690897462,
        0.013438250726831961,
        0.01014675956395954,
        0.007780180576729582,
        0.006030112591715733,
        0.00467225001280717,
        0.00358299320411157,
        0.00270088107102371,
        0.0019955386589227513,
        0.00144909275170154,
        0.0010426331438422199,
        0.0007496440461531248,
        0.0005390861456594084,
        0.0003836248878160164,
        0.0002654727284459819,
        0.00017596363670105246,
        0.00011087543114270099,
        6.644910834949127e-05,
        3.8470242190223635e-05,
        2.282182382831975e-05,
        1.5711880526487572e-05,
        1.3632958735532147e-05,
        1.3603535180533175e-05,
        1.3587205814495479e-05,
        1.266055663570819e-05,
        1.078291537266194e-05,
        8.367318366623386e-06,
        5.909150570412384e-06,
        3.7824987209522385e-06,
        2.1773492090634453e-06,
        1.1149771684588584e-06,
        5.015051347532357e-07,
        1.9543235595871706e-07,
        6.503486525564996e-08,
        1.808876868561102e-08,
        6.558028230527022e-09
      ]
    },
    "H2_temporal_scaling": {
      "hypothesis": "H2_temporal_scaling",
      "status": "MARGINAL",
      "window_years": [
        2,
        4,
        6,
        8,
        10
      ],
      "sigma_c_values": [
        83.41399288659157,
        83.41399288659157,
        83.41399288659157,
        83.41399288659157,
        83.41399288659157
      ],
      "scaling_exponent": 0.0,
      "r_squared": 0.0,
      "p_value": 1.0,
      "kendall_tau": NaN,
      "kendall_p": NaN
    },
    "H3_spatial_resolution": {
      "hypothesis": "H3_spatial_resolution",
      "status": "PASSED",
      "sample_sizes": [
        10000,
        15000,
        20000,
        30000
      ],
      "sigma_c_values": [
        83.41399288659157,
        83.41399288659157,
        83.41399288659157,
        83.41399288659157
      ],
      "mean": 83.41399288659157,
      "std": 0.0,
      "cv": 0.0
    },
    "H4_cross_validation": {
      "hypothesis": "H4_cross_validation",
      "status": "PASSED",
      "n_folds": 3,
      "sigma_c_folds": [
        83.41399288659157,
        83.41399288659157,
        83.41399288659157
      ],
      "mean": 83.41399288659157,
      "std": 0.0,
      "cv": 0.0
    }
  },
  "figures": [
    "era5_validation_output\\main_analysis_FIXED.pdf",
    "era5_validation_output\\h1_detailed_FIXED.pdf",
    "era5_validation_output\\summary_report_FIXED.pdf"
  ],
  "performance": {}
}